name,ATT,SKI,MOV,POW,MEN,DEF,GK
Erling Haaland,76,70,82,86,75,42,10
Antony,54,63,66,51,49,42,11
Wesley Fofana,50,54,69,62,62,80,11
Aurélien Tchouaméni,nan,nan,nan,nan,nan,nan,nan
Casemiro,nan,nan,nan,nan,nan,nan,nan
Alexander Isak,71,78,92,72,68,49,13
Matthijs de Ligt,81,75,71,80,72,34,11
Raheem Sterling,68,75,79,74,74,79,10
Sadio Mané,nan,nan,nan,nan,nan,nan,nan
Romelu Lukaku,77,73,79,80,74,50,10
Marc Cucurella,60,57,73,66,63,86,9
Federico Chiesa,67,73,71,78,74,81,10
Jules Koundé,nan,nan,nan,nan,nan,nan,nan
Raphinha,nan,nan,nan,nan,nan,nan,nan
Richarlison,86,82,81,85,81,32,10
Lisandro Martínez,nan,nan,nan,nan,nan,nan,nan
Darwin Núñez,nan,nan,nan,nan,nan,nan,nan
Fabián Ruiz,nan,nan,nan,nan,nan,nan,nan
Gabriel Jesus,nan,nan,nan,nan,nan,nan,nan
Cristian Romero,61,62,71,82,63,85,11
Kalvin Phillips,71,78,92,72,68,49,13
Carlos Soler,81,75,71,80,72,34,11
Paul Pogba,68,75,79,74,74,79,10
Robert Lewandowski,73,77,87,76,67,51,7
Matheus Nunes,nan,nan,nan,nan,nan,nan,nan
Erling Haaland,60,57,73,66,63,86,9
Antony,67,73,71,78,74,81,10
Wesley Fofana,72,82,78,73,77,71,10
Aurélien Tchouaméni,nan,nan,nan,nan,nan,nan,nan
Casemiro,nan,nan,nan,nan,nan,nan,nan
Alexander Isak,76,77,76,75,70,39,8
Matthijs de Ligt,51,66,70,73,67,82,10
Raheem Sterling,46,58,66,67,63,88,9
Sadio Mané,nan,nan,nan,nan,nan,nan,nan
Romelu Lukaku,76,78,74,76,70,54,10
Marc Cucurella,70,79,74,72,74,77,12
Federico Chiesa,62,64,66,70,65,72,10
Jules Koundé,nan,nan,nan,nan,nan,nan,nan
Raphinha,nan,nan,nan,nan,nan,nan,nan
Richarlison,67,75,75,80,74,81,10
Lisandro Martínez,nan,nan,nan,nan,nan,nan,nan
Darwin Núñez,nan,nan,nan,nan,nan,nan,nan
Fabián Ruiz,nan,nan,nan,nan,nan,nan,nan
Gabriel Jesus,nan,nan,nan,nan,nan,nan,nan
Cristian Romero,62,61,74,73,66,83,11
Kalvin Phillips,59,71,80,70,64,53,10
Carlos Soler,73,75,84,76,65,40,13
Paul Pogba,73,71,71,78,63,29,10
Robert Lewandowski,59,68,74,72,63,83,9
Matheus Nunes,nan,nan,nan,nan,nan,nan,nan
Franck Kessié,nan,nan,nan,nan,nan,nan,nan
Enzo Fernández,nan,nan,nan,nan,nan,nan,nan
Lucas Paquetá,nan,nan,nan,nan,nan,nan,nan
Amine Gouiri,56,68,84,74,70,74,7
Vitinha,nan,nan,nan,nan,nan,nan,nan
Nuno Mendes,nan,nan,nan,nan,nan,nan,nan
Gonçalo Guedes,nan,nan,nan,nan,nan,nan,nan
Diego Carlos,73,69,87,73,65,50,12
Antonio Rüdiger,nan,nan,nan,nan,nan,nan,nan
Kalidou Koulibaly,76,63,64,68,61,44,11
Sven Botman,79,77,76,82,79,57,11
Charles De Ketelaere,67,76,79,64,61,48,12
Bremer,nan,nan,nan,nan,nan,nan,nan
Fábio Vieira,nan,nan,nan,nan,nan,nan,nan
Oleksandr Zinchenko,74,88,86,63,66,33,9
Amadou Onana,48,51,63,59,53,76,9
Nayef Aguerd,59,60,75,72,62,70,7
Sébastien Haller,nan,nan,nan,nan,nan,nan,nan
Karim Adeyemi,56,58,71,69,63,77,11
Yves Bissouma,66,70,68,70,74,81,11
Timo Werner,58,61,59,67,67,80,10
Ryan Gravenberch,71,64,66,74,66,29,9
Paulo Dybala,46,43,57,56,55,75,11
Niklas Süle,nan,nan,nan,nan,nan,nan,nan
Andreas Christensen,73,71,81,79,70,67,12
Nico Schlotterbeck,70,57,76,78,62,25,9
Brenden Aaronson,68,65,79,71,67,72,10
Steven Bergwijn,68,65,80,67,62,23,10
Gianluca Scamacca,72,86,78,70,70,52,10
Manuel Akanji,68,61,69,79,55,25,11
Frank Anguissa,nan,nan,nan,nan,nan,nan,nan
Renan Lodi,nan,nan,nan,nan,nan,nan,nan
Tanguy Ndombélé,nan,nan,nan,nan,nan,nan,nan
Angeliño,nan,nan,nan,nan,nan,nan,nan
Morgan Gibbs White,64,74,70,72,75,77,11
Robin Gosens,69,75,80,73,73,79,8
Leander Dendoncker,72,64,76,79,70,33,11
Renato Sanches,nan,nan,nan,nan,nan,nan,nan
Giacomo Raspadori,76,86,70,66,69,46,9
Hugo Ekitiké,nan,nan,nan,nan,nan,nan,nan
Joaquín Correa,nan,nan,nan,nan,nan,nan,nan
Mohamed Camara,64,64,79,68,55,33,11
Xaver Schlager,46,50,73,66,60,79,11
Denis Zakaria,64,65,79,68,62,67,11
David Raum,58,62,63,53,61,51,11
Luis Sinisterra,67,76,74,69,65,52,12
Merih Demiral,62,64,72,64,60,72,11
João Palhinha,nan,nan,nan,nan,nan,nan,nan
Sasa Kalajdzic,71,72,82,66,68,55,12
Mattéo Guendouzi,nan,nan,nan,nan,nan,nan,nan
Raúl de Tomás,nan,nan,nan,nan,nan,nan,nan
Pedro Porro,nan,nan,nan,nan,nan,nan,nan
Lucas Ocampos,67,60,61,72,71,83,9
Sergio Reguilón,nan,nan,nan,nan,nan,nan,nan
Callum Hudson Odoi,17,24,61,46,31,14,78
Conor Coady,65,67,86,71,66,44,10
Boubacar Kamara,52,48,59,61,60,78,9
Nicolas Pépé,nan,nan,nan,nan,nan,nan,nan
Lorenzo Insigne,56,62,81,67,70,73,9
Nathan Collins,49,53,58,63,58,78,9
Filip Kostić,nan,nan,nan,nan,nan,nan,nan
Calvin Bassey,63,61,83,74,64,79,9
Cheick Doucouré,nan,nan,nan,nan,nan,nan,nan
Roméo Lavia,nan,nan,nan,nan,nan,nan,nan
Sofiane Diop,72,70,76,79,65,39,12
Jérémie Boga,nan,nan,nan,nan,nan,nan,nan
Thilo Kehrer,72,70,76,79,65,39,12
Cengiz Ünder,nan,nan,nan,nan,nan,nan,nan
Julian Weigl,57,50,71,74,61,80,11
James Tarkowski,71,72,70,77,60,24,10
Mauro Icardi,48,53,64,67,58,82,10
Jan Bednarek,64,65,79,68,62,67,11
Giovani Lo Celso,71,66,80,75,64,25,11
Éderson,nan,nan,nan,nan,nan,nan,nan
Maxwel Cornet,51,54,60,61,57,72,9
Taiwo Awoniyi,49,53,59,67,66,79,9
David Carmo,nan,nan,nan,nan,nan,nan,nan
Nahuel Molina,71,70,72,70,71,71,10
Arnaud Kalimuendo,75,75,64,72,67,34,12
Philippe Coutinho,68,70,75,70,58,32,10
Umar Sadiq,77,74,68,72,74,63,8
Neco Williams,51,54,67,57,60,80,11
Rasmus Højlund,nan,nan,nan,nan,nan,nan,nan
Pervis Estupiñán,nan,nan,nan,nan,nan,nan,nan
David Neres,44,47,60,51,43,21,10
Dodô,nan,nan,nan,nan,nan,nan,nan
Adam Hlozek,66,74,78,67,63,38,11
Nordi Mukiele,69,68,75,79,71,73,9
Remo Freuler,63,59,73,63,52,22,7
Lucas Torreira,57,71,75,70,68,72,7
Trincão,nan,nan,nan,nan,nan,nan,nan
Antonín Barák,nan,nan,nan,nan,nan,nan,nan
Andrea Belotti,16,23,50,51,34,14,80
Noussair Mazraoui,59,73,74,72,68,64,9
Héctor Bellerín,nan,nan,nan,nan,nan,nan,nan
Christian Eriksen,46,46,62,70,53,76,9
Nico González,nan,nan,nan,nan,nan,nan,nan
Andrea Pinamonti,57,66,80,56,53,22,11
Arthur Theate,61,75,70,62,71,71,11
Hassane Kamara,nan,nan,nan,nan,nan,nan,nan
Keane Lewis Potter,76,77,75,80,76,75,11
Min jae Kim,67,69,83,68,61,34,9
Destiny Udogie,71,67,85,77,56,37,11
Carney Chukwuemeka,50,54,79,60,52,68,9
Dwight McNeil,67,68,82,66,58,32,13
Gaëtan Laborde,nan,nan,nan,nan,nan,nan,nan
Aaron Hickey,69,63,67,68,58,20,12
Brais Méndez,nan,nan,nan,nan,nan,nan,nan
Neal Maupay,73,57,61,81,70,48,12
Moussa Niakhaté,nan,nan,nan,nan,nan,nan,nan
Mattia Zaccagni,67,69,67,76,71,77,9
Zeki Çelik,nan,nan,nan,nan,nan,nan,nan
Arthur Melo,nan,nan,nan,nan,nan,nan,nan
Julian Draxler,46,43,64,60,52,73,11
Abdou Diallo,62,69,73,63,56,33,9
Sergiño Dest,nan,nan,nan,nan,nan,nan,nan
Georginio Wijnaldum,58,70,59,65,71,72,10
Matthias Ginter,53,62,74,66,62,68,11
Nathan Redmond,nan,nan,nan,nan,nan,nan,nan
Alex Telles,nan,nan,nan,nan,nan,nan,nan
Jesse Lingard,62,68,78,57,57,25,10
Dean Henderson,65,70,82,65,70,74,10
Daniel James,70,70,64,77,73,72,11
André Gomes,nan,nan,nan,nan,nan,nan,nan
Issa Diop,60,66,70,55,68,68,10
Matt Targett,69,74,71,72,71,69,12
Tyler Adams,61,71,75,78,74,84,9
Wout Faes,71,65,63,77,66,29,3
Roman Yaremchuk,70,63,75,76,62,20,12
Tyrell Malacia,69,57,70,74,61,30,11
Marcos Senesi,72,63,73,74,64,19,14
Jordan Veretout,79,81,62,77,74,77,10
Giovanni Simeone,68,80,78,66,61,25,11
Destiny Udogie,17,20,47,48,29,20,74
Giovanni Simeone,62,67,77,65,61,59,10
Leandro Paredes,43,41,69,58,51,73,10
Yusuf Yazıcı,nan,nan,nan,nan,nan,nan,nan
Chancel Mbemba,63,73,75,65,66,60,9
Kasper Dolberg,70,69,74,79,73,72,10
Alessio Romagnoli,55,62,70,65,64,68,11
Destiny Udogie,62,70,66,69,67,69,8
Hee chan Hwang,62,62,78,63,55,43,10
Mathías Olivera,nan,nan,nan,nan,nan,nan,nan
Brian Brobbey,67,71,83,75,70,57,10
Jota,nan,nan,nan,nan,nan,nan,nan
Tanguy Nianzou,65,67,83,67,63,25,11
Jerry St. Juste,nan,nan,nan,nan,nan,nan,nan
Duje Caleta Car,67,72,65,74,68,75,13
Arkadiusz Milik,67,71,78,75,71,69,10
Matteo Pessina,46,51,65,61,60,72,9
Arkadiusz Milik,68,78,85,65,60,30,10
Randal Kolo Muani,60,69,67,66,66,69,8
Dele Alli,61,62,80,66,55,26,11
Luiz Felipe,74,64,72,73,61,38,11
Yuri Alberto,nan,nan,nan,nan,nan,nan,nan
Luka Jović,nan,nan,nan,nan,nan,nan,nan
Diadié Samassékou,nan,nan,nan,nan,nan,nan,nan
Bertrand Traoré,nan,nan,nan,nan,nan,nan,nan
Emerson Palmieri,17,16,47,49,33,14,79
Takumi Minamino,46,38,65,56,54,79,7
Beto,71,70,68,75,67,35,10
Mikkel Damsgaard,81,79,79,83,77,73,8
Everton,nan,nan,nan,nan,nan,nan,nan
Khvicha Kvaratskhelia,59,66,76,70,70,73,11
Rasmus Kristensen,62,70,76,53,58,38,11
Mohamed Ali Cho,70,76,70,71,79,78,11
Orel Mangala,66,72,65,78,67,64,13
Breel Embolo,70,60,66,76,59,22,10
Pierre Emerick Aubameyang,70,80,77,71,72,61,13
Nick Pope,40,41,58,54,49,68,12
Mattias Svanberg,59,61,75,71,66,71,10
Jonathan Clauss,23,21,60,52,34,14,80
Arthur Theate,57,58,74,67,60,66,10
Konstantinos Mavropanos,13,15,44,40,28,12,65
Fábio Silva,nan,nan,nan,nan,nan,nan,nan
Nuno Tavares,nan,nan,nan,nan,nan,nan,nan
Amad Diallo,71,59,60,77,64,27,10
Harry Winks,67,58,65,77,62,25,10
Alexandre Lacazette,58,63,77,71,67,73,10
Corentin Tolisso,18,23,56,51,34,20,79
Justin Kluivert,61,60,68,76,67,73,9
Emmanuel Dennis,73,71,70,70,64,28,11
Djed Spence,15,18,36,39,22,10,77
Diego Rossi,67,72,69,76,70,69,10
Gavin Bazunu,61,60,68,67,55,29,11
Mohamed Bayo,64,64,76,61,63,73,7
Marcão,nan,nan,nan,nan,nan,nan,nan
Sebastian Szymanski,18,19,48,38,30,17,72
Wout Weghorst,59,64,67,68,63,64,12
Walter Benítez,nan,nan,nan,nan,nan,nan,nan
Kayky,64,74,83,64,61,39,9
Yangel Herrera,55,57,76,55,59,72,11
Jason Denayer,60,67,72,69,72,73,7
Fredrik Aursnes,62,67,78,68,59,41,9
Lucas Gourna Douath,nan,nan,nan,nan,nan,nan,nan
Mattia Viti,62,62,75,63,55,35,10
Salih Özcan,nan,nan,nan,nan,nan,nan,nan
James Rodríguez,nan,nan,nan,nan,nan,nan,nan
Calvin Stengs,45,50,65,52,54,70,9
Ethan Ampadu,73,58,70,76,66,23,12
Jørgen Strand Larsen,nan,nan,nan,nan,nan,nan,nan
Pau López,nan,nan,nan,nan,nan,nan,nan
Marc Roca,64,71,80,73,61,37,10
Alexis Beka Beka,71,72,78,74,65,30,11
Stanley Nsoki,72,80,77,63,73,56,10
Chris Richards,63,70,74,71,65,57,12
Agustín Álvarez,nan,nan,nan,nan,nan,nan,nan
Luís Maximiano,nan,nan,nan,nan,nan,nan,nan
Luiz Henrique,nan,nan,nan,nan,nan,nan,nan
Gabriel Veron,71,74,81,73,64,20,12
Willian José,nan,nan,nan,nan,nan,nan,nan
Owen Wijndal,62,67,78,68,59,41,9
Marko Grujic,68,66,79,64,62,34,11
Samuele Ricci,58,63,76,66,61,61,9
Billy Gilmour,65,62,73,68,62,32,11
Angelo Fulgini,53,57,61,63,64,73,9
Fábio Carvalho,nan,nan,nan,nan,nan,nan,nan
João Pedro,nan,nan,nan,nan,nan,nan,nan
Idrissa Gueye,78,75,79,71,64,30,11
Sérgio Oliveira,nan,nan,nan,nan,nan,nan,nan
Maxi Gómez,nan,nan,nan,nan,nan,nan,nan
Andrea Petagna,60,72,79,59,57,44,10
Boulaye Dia,71,68,69,74,73,57,11
Krzysztof Piatek,70,71,77,78,70,67,12
Răzvan Marin,nan,nan,nan,nan,nan,nan,nan
Divock Origi,65,70,59,75,63,76,9
André Onana,nan,nan,nan,nan,nan,nan,nan
Marcos Alonso,46,48,64,57,55,76,9
Clément Lenglet,nan,nan,nan,nan,nan,nan,nan
Adnan Januzaj,70,74,80,78,62,22,10
Ángel Di María,nan,nan,nan,nan,nan,nan,nan
Loïc Badé,nan,nan,nan,nan,nan,nan,nan
Sam Johnstone,59,63,76,72,67,70,12
Taty Castellanos,nan,nan,nan,nan,nan,nan,nan
Marcus Tavernier,52,55,71,53,61,69,8
Julio Enciso,nan,nan,nan,nan,nan,nan,nan
Armel Bella Kotchap,64,71,80,64,65,43,8
Joshua Zirkzee,65,61,67,75,63,70,10
Matheus Henrique,52,55,71,53,61,69,8
Nicolás Tagliafico,nan,nan,nan,nan,nan,nan,nan
Mady Camara,67,70,81,68,68,43,10
Flynn Downes,58,64,78,63,65,72,9
Gabriel Sara,nan,nan,nan,nan,nan,nan,nan
James Garner,52,63,58,61,59,75,11
Sergio Gómez,nan,nan,nan,nan,nan,nan,nan
Jakub Kaminski,17,15,51,44,32,17,77
Luis Suárez,nan,nan,nan,nan,nan,nan,nan
Rúben Vinagre,nan,nan,nan,nan,nan,nan,nan
Giulian Biancone,68,58,73,81,64,28,13
Junya Ito,68,66,81,75,66,24,8
Borja Mayoral,67,61,67,81,61,30,10
Ademola Lookman,52,47,57,65,52,74,11
Guglielmo Vicario,67,61,67,81,61,30,10
Rolando Mandragora,59,55,70,67,63,76,12
Joe Aribo,66,72,76,72,64,46,11
Ozan Kabak,70,76,79,65,63,47,10
Gianluca Caprari,56,54,71,72,54,19,9
Kristjan Asllani,66,70,85,64,64,42,11
Wilfried Gnonto,60,67,82,61,54,15,10
Mahmoud Trezeguet,nan,nan,nan,nan,nan,nan,nan
Hugo Duro,49,50,61,59,45,62,11
Michy Batshuayi,68,61,65,69,56,23,9
Gianluca Caprari,63,63,78,67,57,35,7
Mario Götze,nan,nan,nan,nan,nan,nan,nan
Léo Dubois,nan,nan,nan,nan,nan,nan,nan
Aster Vranckx,60,65,82,69,65,73,10
Alexander Sørloth,nan,nan,nan,nan,nan,nan,nan
Mathias Normann,nan,nan,nan,nan,nan,nan,nan
Aleksey Miranchuk,nan,nan,nan,nan,nan,nan,nan
Pierluigi Gollini,53,55,67,63,64,76,11
Nicolò Rovella,nan,nan,nan,nan,nan,nan,nan
Alessio Cragno,75,79,73,77,74,75,11
Stefan Posch,63,69,73,74,71,81,12
Manu Sánchez,nan,nan,nan,nan,nan,nan,nan
Serhou Guirassy,66,78,76,72,69,50,12
Ivan Perisic,70,66,73,72,64,36,12
Allan,72,73,69,73,66,32,8
Ainsley Maitland Niles,43,43,60,57,51,72,11
Amine Harit,62,58,72,70,53,19,12
Ander Herrera,67,60,70,72,62,30,8
Alex Mowatt,56,61,79,67,53,22,10
Cyle Larin,21,28,56,52,36,19,80
Federico Bernardeschi,53,61,70,53,63,53,8
Cucho Hernández,nan,nan,nan,nan,nan,nan,nan
João Victor,nan,nan,nan,nan,nan,nan,nan
Ahmetcan Kaplan,66,63,75,65,57,28,12
Andreas Pereira,nan,nan,nan,nan,nan,nan,nan
José Manuel López,nan,nan,nan,nan,nan,nan,nan
Miralem Pjanic,nan,nan,nan,nan,nan,nan,nan
Lewis O'Brien,66,75,80,72,70,69,14
Alphonse Areola,43,49,64,56,54,74,8
Brandon Soppy,61,72,70,65,61,56,9
Gabriel Slonina,65,64,71,71,64,72,12
Christopher Wooh,75,66,58,75,70,21,11
Andrea Colpani,61,65,69,67,67,73,8
Jhon Lucumí,nan,nan,nan,nan,nan,nan,nan
Andreas Cornelius,49,53,61,59,55,52,12
Adam Buksa,60,56,70,66,50,15,12
Kevin Mbabu,69,74,72,77,72,73,12
Bernd Leno,68,65,71,78,63,32,10
Kristijan Jakic,56,60,69,62,57,48,10
Anwar El Ghazi,63,71,75,70,69,74,12
Predrag Rajkovic,62,59,70,75,66,40,12
Nikola Moro,52,61,53,68,67,81,13
Ricardo Pepi,59,65,71,70,64,70,10
Luca Pellegrini,77,75,80,72,74,73,10
Jean Philippe Gbamin,60,69,76,69,58,27,11
Freddie Woodman,55,60,81,62,50,22,9
Óscar Rodríguez,nan,nan,nan,nan,nan,nan,nan
Unai Núñez,nan,nan,nan,nan,nan,nan,nan
Ilaix Moriba,68,70,60,77,67,63,10
Rafinha,nan,nan,nan,nan,nan,nan,nan
Portu,nan,nan,nan,nan,nan,nan,nan
Paco Alcácer,nan,nan,nan,nan,nan,nan,nan
Malick Thiaw,57,71,74,60,57,44,12
Ritsu Doan,71,61,62,76,68,36,10
Omar Richards,61,63,74,61,65,70,11
Giulio Maggiore,66,63,67,66,55,24,9
Dávid Hancko,nan,nan,nan,nan,nan,nan,nan
Jens Petter Hauge,51,55,56,56,62,69,10
Vedat Muriqi,19,19,54,46,29,13,74
Nathan Ngoumou,65,66,64,71,65,59,10
Alexander Bah,37,37,55,48,48,67,9
Nehuén Pérez,nan,nan,nan,nan,nan,nan,nan
André Almeida,nan,nan,nan,nan,nan,nan,nan
Simon Adingra,66,63,77,71,58,23,10
El Bilal Touré,nan,nan,nan,nan,nan,nan,nan
Marcos Antônio,nan,nan,nan,nan,nan,nan,nan
Kaiky,65,66,60,75,70,68,12
Lucas Alario,68,65,75,73,60,32,10
Flavius Daniliuc,46,50,56,55,52,73,11
Patrick Wimmer,52,50,72,60,56,77,12
Francisco Conceição,nan,nan,nan,nan,nan,nan,nan
Anders Dreyer,43,51,60,61,50,71,9
Carlos Vinícius,nan,nan,nan,nan,nan,nan,nan
Denis Bouanga,58,65,79,62,61,77,12
Enis Bardhi,61,67,72,70,67,73,11
Kastriot Imeri,64,62,70,76,60,26,7
Moi Gómez,nan,nan,nan,nan,nan,nan,nan
Haris Seferovic,67,75,67,75,71,67,10
Malang Sarr,69,63,77,72,63,28,10
Domingos Duarte,nan,nan,nan,nan,nan,nan,nan
Isaac Hayden,nan,nan,nan,nan,nan,nan,nan
Alejandro Pozuelo,59,61,74,76,68,76,9
Jordan Larsson,47,52,53,60,53,76,11
Joshua King,nan,nan,nan,nan,nan,nan,nan
Henrikh Mkhitaryan,72,66,77,77,67,30,10
Romain Saïss,nan,nan,nan,nan,nan,nan,nan
Jens Petter Hauge,59,62,67,67,65,67,9
Christos Tzolis,53,51,67,76,60,70,12
Abde Ezzalzouli,nan,nan,nan,nan,nan,nan,nan
Kacper Kozlowski,65,74,70,71,69,76,11
Cédric Bakambu,nan,nan,nan,nan,nan,nan,nan
Tyler Roberts,70,73,50,69,73,77,11
Zinho Vanheusden,60,65,75,71,66,63,10
Abdallah Sima,52,52,59,57,60,72,11
Pol Lirola,nan,nan,nan,nan,nan,nan,nan
Marco Carnesecchi,46,46,60,58,57,78,11
Djibril Sidibé,nan,nan,nan,nan,nan,nan,nan
Munir El Haddadi,68,75,68,76,75,71,11
Reinier,63,58,69,71,59,28,12
Loïs Openda,nan,nan,nan,nan,nan,nan,nan
Nicolò Casale,nan,nan,nan,nan,nan,nan,nan
Bartol Franjic,50,46,41,68,60,74,11
Takefusa Kubo,61,66,71,70,62,70,10
Guus Til,68,71,66,73,70,69,10
Ezgjan Alioski,59,72,67,61,68,70,10
Isco,nan,nan,nan,nan,nan,nan,nan
Grischa Prömel,nan,nan,nan,nan,nan,nan,nan
Alexandru Cicâldău,nan,nan,nan,nan,nan,nan,nan
Quinten Timber,48,54,66,61,57,70,12
Armand Laurienté,nan,nan,nan,nan,nan,nan,nan
Perr Schuurs,59,66,74,63,66,63,7
Cameron Carter Vickers,58,58,71,67,62,38,14
Matteo Lovato,64,61,64,59,56,42,8
Strahinja Pavlovic,17,20,48,42,32,12,79
Lázaro,nan,nan,nan,nan,nan,nan,nan
Aaron Boupendza,65,68,78,69,59,30,11
Samuel Lino,nan,nan,nan,nan,nan,nan,nan
Jordan,nan,nan,nan,nan,nan,nan,nan
Giuliano Galoppo,nan,nan,nan,nan,nan,nan,nan
Luan Peres,60,58,75,73,58,39,12
Ui jo Hwang,61,61,60,65,52,15,10
Fabien Centonze,66,61,78,68,55,29,10
Toby Alderweireld,60,69,72,72,69,69,12
Marquinhos,nan,nan,nan,nan,nan,nan,nan
Raoul Bellanova,51,47,62,58,56,75,10
Willian Arão,nan,nan,nan,nan,nan,nan,nan
Morten Thorsby,65,73,67,77,71,74,10
Adam Ounas,57,53,52,62,66,72,11
Jorge Carrascal,nan,nan,nan,nan,nan,nan,nan
Théo Bongonda,nan,nan,nan,nan,nan,nan,nan
Oliver Abildgaard,66,69,78,69,64,41,11
Raoul Bellanova,67,74,84,57,60,33,10
Diogo Leite,nan,nan,nan,nan,nan,nan,nan
Kenedy,nan,nan,nan,nan,nan,nan,nan
Alex Král,nan,nan,nan,nan,nan,nan,nan
Anthony Caci,62,51,79,72,56,21,10
Milot Rashica,65,75,79,64,64,43,13
Yeferson Soteldo,nan,nan,nan,nan,nan,nan,nan
John Anthony Brooks,nan,nan,nan,nan,nan,nan,nan
Colin Dagba,58,69,59,68,66,73,10
Ui jo Hwang,14,18,39,49,27,15,75
Martín Satriano,nan,nan,nan,nan,nan,nan,nan
John Swift,nan,nan,nan,nan,nan,nan,nan
Jack Stephens,68,66,72,76,70,70,9
Samuel Lino,nan,nan,nan,nan,nan,nan,nan
Riqui Puig,nan,nan,nan,nan,nan,nan,nan
Uroš Račić,nan,nan,nan,nan,nan,nan,nan
Lucien Agoumé,nan,nan,nan,nan,nan,nan,nan
Taylor Harwood Bellis,71,65,80,74,61,25,11
Thomas Strakosha,56,57,79,51,47,23,12
Stefano Sensi,62,71,80,71,57,33,13
Ghislain Konan,61,67,81,65,56,22,10
Miguel Borja,61,71,70,68,68,68,10
Sávio,nan,nan,nan,nan,nan,nan,nan
Cyriel Dessers,nan,nan,nan,nan,nan,nan,nan
Samir Caetano,nan,nan,nan,nan,nan,nan,nan
Alberth Elis,62,67,84,68,53,39,9
Gedson Fernandes,nan,nan,nan,nan,nan,nan,nan
Rıdvan Yılmaz,nan,nan,nan,nan,nan,nan,nan
Mostafa Mohamed,52,57,76,62,58,73,9
Nicolás Castro,nan,nan,nan,nan,nan,nan,nan
Andreaw Gravillon,71,68,76,78,71,43,12
Erick Pulgar,nan,nan,nan,nan,nan,nan,nan
Mostafa Mohamed,62,63,69,69,66,66,11
Niklas Stark,63,60,66,70,67,71,8
Jed Wallace,68,68,72,66,60,27,11
Rémy Cabella,nan,nan,nan,nan,nan,nan,nan
Santiago Ascacíbar,nan,nan,nan,nan,nan,nan,nan
Junior Messias,57,58,82,66,62,67,11
Victor Boniface,69,74,65,67,68,57,10
Gonzalo Plata,63,68,67,68,69,67,11
Yusuf Demir,58,50,63,70,53,36,12
Fausto Vera,nan,nan,nan,nan,nan,nan,nan
Santiago Gimenez,57,63,71,70,65,72,13
Mario Gila,56,52,66,69,62,72,11
Fernando,53,66,54,72,65,85,11
Pep Biel,nan,nan,nan,nan,nan,nan,nan
Matías Galarza,nan,nan,nan,nan,nan,nan,nan
Felix Afena Gyan,70,82,83,64,70,34,8
Bjorn Meijer,69,69,73,67,68,67,12
Christian Benteke,41,34,47,53,48,69,10
Jonathan Rodríguez,nan,nan,nan,nan,nan,nan,nan
Valentin Rosier,64,74,76,65,62,52,10
Anel Ahmedhodzic,61,51,66,65,56,32,12
Javairô Dilrosun,nan,nan,nan,nan,nan,nan,nan
Miguel Gutiérrez,nan,nan,nan,nan,nan,nan,nan
Matías Vargas,nan,nan,nan,nan,nan,nan,nan
Fredrik Midtsjø,nan,nan,nan,nan,nan,nan,nan
Gamid Agalarov,nan,nan,nan,nan,nan,nan,nan
Darwin Machís,nan,nan,nan,nan,nan,nan,nan
Willy Boly,66,67,79,64,56,28,10
Bartlomiej Dragowski,46,46,67,63,53,71,11
Eric Bailly,63,72,77,67,64,46,9
Amadou Diawara,63,79,77,61,68,49,12
Daniel Wass,65,67,78,67,55,32,11
Marc Bartra,72,76,74,67,74,36,8
Lorenzo Lucca,54,60,67,62,64,76,10
Carles Pérez,nan,nan,nan,nan,nan,nan,nan
Florent Mollet,53,58,49,74,64,71,10
Tino Kadewere,79,70,65,76,78,44,11
Mergim Berisha,60,64,78,56,63,69,10
Bruma,nan,nan,nan,nan,nan,nan,nan
Filip Uremovic,59,53,72,64,51,16,11
Lys Mousset,65,53,63,72,55,19,10
Ermedin Demirovic,45,44,46,57,57,72,12
Mohamed Daramy,57,60,67,63,58,75,12
Fabián Balbuena,nan,nan,nan,nan,nan,nan,nan
Stefan Ortega,44,43,61,62,55,64,11
Otávio,nan,nan,nan,nan,nan,nan,nan
Hannibal,60,59,67,75,63,63,11
Ki Jana Hoever,68,72,75,77,73,72,10
Sávio,nan,nan,nan,nan,nan,nan,nan
Valentino Lazaro,56,56,73,61,58,65,11
Luis Henrique,nan,nan,nan,nan,nan,nan,nan
Callum Robinson,72,77,77,66,63,49,11
Aaron Connolly,59,56,69,66,55,65,10
Zack Steffen,65,60,69,74,53,33,11
Konrad de la Fuente,nan,nan,nan,nan,nan,nan,nan
Martin Braithwaite,19,23,41,45,32,17,76
Alexis Claude Maurice,40,35,53,57,51,68,10
Óscar Mingueza,nan,nan,nan,nan,nan,nan,nan
Marin Pongracic,50,46,67,66,53,66,11
Adil Aouchiche,57,56,58,68,44,15,10
Jordan Amavi,65,72,72,72,66,63,12
Artem Dzyuba,48,57,65,67,56,66,8
Mahdi Camara,21,17,47,43,34,22,75
Brian Rodríguez,nan,nan,nan,nan,nan,nan,nan
Matt Turner,68,62,77,71,59,32,13
Darko Gyabi,59,59,69,62,57,66,10
Vakoun Bayo,nan,nan,nan,nan,nan,nan,nan
Jean Meneses,nan,nan,nan,nan,nan,nan,nan
Janis Antiste,69,60,82,71,64,44,8
Casper Nielsen,62,71,79,70,68,63,8
Isaak Touré,nan,nan,nan,nan,nan,nan,nan
Petar Musa,58,49,56,65,49,23,11
Williot Swedberg,60,70,82,62,58,39,10
Johan Mojica,59,69,72,69,66,63,10
Vincent Janssen,51,53,68,58,51,65,8
Oriol Romeu,61,69,65,68,70,60,14
Arne Maier,60,64,75,58,53,20,9
Florin Tănase,nan,nan,nan,nan,nan,nan,nan
Alessandro Florenzi,63,61,74,62,53,34,9
Sead Haksabanovic,48,52,81,63,54,57,10
Cristian Pavón,nan,nan,nan,nan,nan,nan,nan
Abdulrahman Ghareeb,71,78,72,68,60,39,9
Anthony Modeste,51,61,67,62,62,76,13
Andrea Cambiaso,55,48,65,60,56,61,11
Kristian Thorstvedt,63,70,76,62,64,59,12
Raphael Onyedika,60,54,67,72,57,24,7
Christopher Martins Pereira,nan,nan,nan,nan,nan,nan,nan
Ko Itakura,65,58,70,68,58,25,8
Wilfried Kanga,67,69,79,72,71,74,10
Pablo Torre,58,68,71,55,51,25,10
Thomas Henry,13,16,29,34,23,13,61
Domagoj Bradaric,64,69,74,72,58,29,12
Federico Bonazzoli,47,45,64,60,54,74,11
Adam Masina,57,61,63,67,63,68,9
Jorge Sánchez,nan,nan,nan,nan,nan,nan,nan
Aboubakar Kamara,nan,nan,nan,nan,nan,nan,nan
Salis Abdul Samed,57,50,65,67,49,23,10
Brice Samba,43,44,64,59,48,67,10
Bruno Tabata,nan,nan,nan,nan,nan,nan,nan
Jurgen Ekkelenkamp,67,58,71,74,57,21,12
Ferran Jutglà,nan,nan,nan,nan,nan,nan,nan
Davide Bettella,55,60,80,61,56,58,10
Luis Milla,58,61,80,67,58,38,9
Leo Østigård,nan,nan,nan,nan,nan,nan,nan
Calvin Ramsay,60,63,72,68,65,63,9
Hélder Costa,nan,nan,nan,nan,nan,nan,nan
Ignatius Ganago,63,61,70,63,50,21,11
Johann Lepenant,60,65,64,71,67,74,10
Petar Musa,60,66,73,73,68,66,11
Stephen Eustaquio,nan,nan,nan,nan,nan,nan,nan
Jean Onana,54,61,77,63,57,66,9
Ezequiel Ponce,52,63,65,64,62,63,7
Andrea Carboni,65,69,64,64,55,30,11
Lincoln,nan,nan,nan,nan,nan,nan,nan
Maxim Leitsch,65,64,71,70,67,71,13
Rúben Semedo,nan,nan,nan,nan,nan,nan,nan
Jackson Muleka,49,51,56,63,59,71,11
Mario Vuskovic,43,44,67,55,48,71,9
Jordan Torunarigha,66,55,68,74,64,28,10
Pablo Maffeo,63,67,73,71,66,79,10
Iké Ugbo,nan,nan,nan,nan,nan,nan,nan
Josh Cullen,49,54,70,61,55,68,10
Roger Martí,nan,nan,nan,nan,nan,nan,nan
Simon Banza,22,20,57,50,34,14,79
Abdülkerim Bardakcı,nan,nan,nan,nan,nan,nan,nan
Julián Quiñones,nan,nan,nan,nan,nan,nan,nan
Tonny Vilhena,64,69,72,77,66,68,8
Pierre Lees Melou,65,69,68,71,68,61,9
Umut Bozok,59,54,60,68,59,75,9
Jimmy Cabot,66,60,70,71,62,26,11
Andrea Cambiaso,70,72,73,71,66,56,11
Dominik Kohr,52,49,60,66,58,69,10
Lucas Perrin,56,59,79,65,55,37,12
Marcelino Moreno,52,60,64,55,63,60,11
Jan Kuchta,49,50,59,57,52,72,9
Henry Onyekuru,57,51,60,65,53,73,11
Mark Anthony Kaye,57,54,70,60,51,18,9
Jack Hendry,54,63,68,50,64,57,10
Mathew Ryan,54,64,59,60,51,43,9
Ludwig Augustinsson,63,61,69,61,55,21,11
Tonny Vilhena,45,41,58,57,47,67,10
Nemanja Matic,66,73,79,66,59,38,10
Junior Dina Ebimbe,70,78,64,67,73,67,8
Rúben Vinagre,nan,nan,nan,nan,nan,nan,nan
Sepp van den Berg,71,66,72,71,65,35,10
Sebastiano Esposito,13,15,44,40,28,12,65
Amos Pieper,45,43,44,57,50,70,12
Arthur Masuaku,nan,nan,nan,nan,nan,nan,nan
Tom Lawrence,18,19,39,37,29,19,70
Simone Verdi,nan,nan,nan,nan,nan,nan,nan
Aaron Mooy,55,58,66,50,46,29,9
Mads Bech Sörensen,nan,nan,nan,nan,nan,nan,nan
Gabriel Pires,nan,nan,nan,nan,nan,nan,nan
Rodrigo Muniz,64,75,76,71,67,55,9
Ronaël Pierre Gabriel,nan,nan,nan,nan,nan,nan,nan
Sime Vrsaljko,nan,nan,nan,nan,nan,nan,nan
Joselu,nan,nan,nan,nan,nan,nan,nan
Benjamin Lecomte,64,58,67,68,55,21,7
Sebastian Walukiewicz,17,17,34,41,23,11,70
Shane Duffy,73,68,68,74,67,79,11
Zelimkhan Bakaev,nan,nan,nan,nan,nan,nan,nan
Giuseppe Pezzella,69,61,75,68,53,23,10
Rémi Oudin,nan,nan,nan,nan,nan,nan,nan
Jeff Hendrick,55,45,61,67,56,68,10
Gonzalo Villar,58,64,68,66,70,69,11
Ethan Laird,63,73,64,71,72,73,11
Riechedly Bazoer,21,20,60,47,26,16,72
Ian Maatsen,63,52,69,73,56,26,14
Levi Colwill,59,65,73,56,55,44,9
Soualiho Meïté,nan,nan,nan,nan,nan,nan,nan
Antonio Blanco,54,50,68,67,48,17,10
Pablo Marí,nan,nan,nan,nan,nan,nan,nan
Jean Michaël Seri,nan,nan,nan,nan,nan,nan,nan
Steven Alzate,72,75,75,77,72,72,9
Fernando Pacheco,64,53,69,68,57,18,9
Yacine Brahimi,nan,nan,nan,nan,nan,nan,nan
Héctor Herrera,nan,nan,nan,nan,nan,nan,nan
Ricardo Goulart,nan,nan,nan,nan,nan,nan,nan
Yan Couto,nan,nan,nan,nan,nan,nan,nan
Marcos Paulo,65,62,62,72,64,24,10
David Ospina,83,83,76,79,72,51,10
Carlos Salcedo,nan,nan,nan,nan,nan,nan,nan
Anthony Nwakaeme,64,70,82,60,61,58,8
Emirhan İlkhan,nan,nan,nan,nan,nan,nan,nan
Dia Saba,74,76,62,78,70,17,2
Rodrigo Aguirre,nan,nan,nan,nan,nan,nan,nan
Amar Fatah,nan,nan,nan,nan,nan,nan,nan
Berat Özdemir,nan,nan,nan,nan,nan,nan,nan
Nicolas Moumi Ngamaleu,63,77,77,68,62,32,12
Daniel Kofi Kyereh,58,73,62,56,65,59,9
Denis Vavro,18,20,54,49,29,19,74
Igor Paixão,nan,nan,nan,nan,nan,nan,nan
Edu Expósito,nan,nan,nan,nan,nan,nan,nan
Mateo Cassierra,nan,nan,nan,nan,nan,nan,nan
Allahyar Sayyadmanesh,67,74,68,61,68,52,10
Gastón Ávila,nan,nan,nan,nan,nan,nan,nan
Pietro Pellegri,45,45,59,58,51,71,10
Jamie Leweling,66,56,78,71,57,33,10
Patrick Berg,65,61,77,71,61,27,10
Andraz Sporar,50,44,58,63,59,67,10
Luca Kilian,66,68,70,68,70,81,9
Ezequiel Bullaude,61,63,68,67,58,20,9
Moussa Sissoko,51,53,71,57,55,64,11
Lorenzo Montipò,nan,nan,nan,nan,nan,nan,nan
Tiquinho Soares,nan,nan,nan,nan,nan,nan,nan
Christopher Jullien,70,59,67,72,56,21,10
Agustín Rogel,nan,nan,nan,nan,nan,nan,nan
Hiroki Ito,57,61,73,68,57,66,14
Michael Gregoritsch,nan,nan,nan,nan,nan,nan,nan
Oliver Burke,64,75,72,75,66,67,10
Benjamin Verbic,66,71,73,79,71,70,11
Bernard,68,65,77,68,63,18,12
Wylan Cyprien,58,68,83,62,53,39,12
Junior Sambia,59,55,65,73,51,19,10
Vini Souza,nan,nan,nan,nan,nan,nan,nan
Jordan Beyer,70,73,74,71,69,65,12
Gaël Kakuta,nan,nan,nan,nan,nan,nan,nan
David Okereke,65,71,73,67,56,36,7
Germán Berterame,nan,nan,nan,nan,nan,nan,nan
Dimitrios Pelkas,61,67,79,67,67,64,11
Ilan Kebbal,47,54,54,64,61,74,12
Konstantinos Manolas,nan,nan,nan,nan,nan,nan,nan
Gabriel Pirani,nan,nan,nan,nan,nan,nan,nan
Omar Khribin,nan,nan,nan,nan,nan,nan,nan
Alexandro Bernabéi,nan,nan,nan,nan,nan,nan,nan
Gustavo del Prete,nan,nan,nan,nan,nan,nan,nan
Can Bozdoğan,nan,nan,nan,nan,nan,nan,nan
Nicolás Marichal,nan,nan,nan,nan,nan,nan,nan
Pablo Solari,64,57,70,66,56,24,11
Stefano Denswil,71,55,46,66,72,38,10
Michele Di Gregorio,61,63,74,66,62,66,10
Veljko Birmancevic,59,66,69,63,62,60,11
Bosko Sutalo,60,54,54,68,63,78,11
Jens Stage,45,41,56,59,46,70,11
Filippo Melegoni,62,70,61,66,65,62,11
Juan Cabal,nan,nan,nan,nan,nan,nan,nan
Sotiris Alexandropoulos,56,62,75,58,56,58,9
Jaka Bijol,50,58,58,68,56,68,11
Enzo Ebosse,60,57,75,69,63,72,11
Francesco Caputo,59,51,65,59,66,75,8
Alan Virginius,70,72,73,72,68,55,10
Benson Manuel,54,61,76,63,57,70,13
Anass Zaroury,64,69,66,65,68,65,10
Nicolás Fernández Mercau,nan,nan,nan,nan,nan,nan,nan
Doğukan Sinik,nan,nan,nan,nan,nan,nan,nan
Emil Bohinen,67,73,73,68,61,44,12
Martin Hongla,53,56,65,63,56,70,9
Marcus Forss,64,55,67,73,63,35,9
Hidemasa Morita,54,59,80,61,61,65,12
Carlos González,nan,nan,nan,nan,nan,nan,nan
Rabbi Matondo,52,56,74,60,52,69,12
Luuk de Jong,65,68,80,56,63,52,11
Alejandro Pozo,67,74,66,70,74,71,11
Néstor Araújo,nan,nan,nan,nan,nan,nan,nan
Jonathan Calleri,nan,nan,nan,nan,nan,nan,nan
Martin Dúbravka,nan,nan,nan,nan,nan,nan,nan
Andy Pelmard,67,67,66,72,73,74,10
Dan Ndoye,62,68,72,59,54,21,9
Walter Bou,54,65,71,57,53,37,9
Gonzalo Melero,48,45,53,56,51,70,12
Alan Mozo,nan,nan,nan,nan,nan,nan,nan
Elvis Rexhbecaj,57,67,67,68,64,61,11
Dylan Bronn,70,69,72,75,64,58,9
Michal Sadílek,nan,nan,nan,nan,nan,nan,nan
Tomás Chancalay,nan,nan,nan,nan,nan,nan,nan
Agustín Marchesín,nan,nan,nan,nan,nan,nan,nan
Yann Karamoh,60,71,72,75,72,59,13
Kasper Schmeichel,63,68,60,67,65,63,9
Adrián Embarba,nan,nan,nan,nan,nan,nan,nan
Zaydou Youssouf,43,45,53,56,54,71,8
Braian Romero,nan,nan,nan,nan,nan,nan,nan
Tom Krauß,nan,nan,nan,nan,nan,nan,nan
Falaye Sacko,64,59,65,70,53,17,14
Johan Vásquez,nan,nan,nan,nan,nan,nan,nan
Emre Akbaba,64,56,70,69,58,18,9
Otabek Shukurov,57,69,67,73,58,71,11
Álvaro Fernández,nan,nan,nan,nan,nan,nan,nan
Bartosz Bialek,51,55,46,60,56,62,8
Renato Kayzer,nan,nan,nan,nan,nan,nan,nan
Axel Witsel,49,47,62,59,50,70,11
Jonjoe Kenny,64,71,74,75,67,61,8
Ivan Sunjic,67,67,64,68,61,70,8
Jean Paul Boëtius,nan,nan,nan,nan,nan,nan,nan
Francesco Acerbi,64,68,72,71,52,39,13
Danilho Doekhi,60,67,69,69,65,70,12
Felix Mambimbi,68,56,72,74,65,35,11
Dries Mertens,13,16,45,41,23,12,67
Pizzi,nan,nan,nan,nan,nan,nan,nan
Martín Payero,nan,nan,nan,nan,nan,nan,nan
Jakub Jankto,51,54,59,58,45,68,10
Danilo,63,63,79,74,63,66,8
Oussama Idrissi,62,70,65,75,62,69,10
Issa Kaboré,nan,nan,nan,nan,nan,nan,nan
Mattia Aramu,66,64,81,78,60,29,10
Roberto Piccoli,59,62,70,72,68,67,11
M'Baye Niang,51,58,73,46,58,37,9
Krystian Bielik,55,59,66,64,50,77,11
Sergio Asenjo,60,67,74,64,61,64,10
Unai López,nan,nan,nan,nan,nan,nan,nan
Erik Botheim,61,65,78,69,65,62,12
Xavi Simons,61,72,85,63,58,30,10
Cole Bassett,58,60,73,60,55,32,11
Nemanja Radonjic,64,56,70,69,56,24,10
Chidozie Awaziem,39,44,56,53,47,58,9
Eduardo Quaresma,nan,nan,nan,nan,nan,nan,nan
Mathieu Cafaro,70,71,61,70,63,43,11
Cheikhou Kouyaté,nan,nan,nan,nan,nan,nan,nan
Brian Lozano,nan,nan,nan,nan,nan,nan,nan
Willian,62,69,71,66,49,14,9
Arnaud Nordin,68,67,65,64,66,65,11
Wahbi Khazri,58,60,80,53,51,28,10
Hamza Choudhury,64,68,72,78,74,67,10
Kortney Hause,57,51,69,71,57,26,12
Hassane Kamara,nan,nan,nan,nan,nan,nan,nan
Mamadou Loum,44,46,53,61,47,65,11
Filip Djuricic,nan,nan,nan,nan,nan,nan,nan
Samu Castillejo,nan,nan,nan,nan,nan,nan,nan
Edinson Cavani,46,53,75,57,57,64,10
José Luis Morales,nan,nan,nan,nan,nan,nan,nan
Akim Zedadka,57,59,60,53,47,32,9
Rony Lopes,nan,nan,nan,nan,nan,nan,nan
Rhys Williams,64,75,77,65,64,43,11
Folarin Balogun,67,57,65,74,58,33,8
Erison,63,60,72,73,61,64,11
Álex Collado,nan,nan,nan,nan,nan,nan,nan
Jens Jönsson,nan,nan,nan,nan,nan,nan,nan
Orbelín Pineda,nan,nan,nan,nan,nan,nan,nan
Harold Moukoudi,61,67,70,71,68,65,9
Joseba Zaldua,67,65,69,73,66,38,12
Adama Traoré,nan,nan,nan,nan,nan,nan,nan
Francisco Moura,nan,nan,nan,nan,nan,nan,nan
Jaime Seoane,65,64,61,72,69,60,13
Stéphane Bahoken,nan,nan,nan,nan,nan,nan,nan
Alexandru Mitriţă,nan,nan,nan,nan,nan,nan,nan
Matías Pellegrini,nan,nan,nan,nan,nan,nan,nan
Marcelino Núñez,nan,nan,nan,nan,nan,nan,nan
Joel Ordóñez,nan,nan,nan,nan,nan,nan,nan
Valentin Antov,71,74,85,74,66,55,11
Carlos Rotondi,nan,nan,nan,nan,nan,nan,nan
Gennaro Tutino,65,62,83,72,58,25,12
Charles Pickel,58,62,67,60,61,47,12
Ozan Tufan,62,72,76,63,64,52,12
Adam Maher,66,69,65,75,67,78,13
Eduardo Salvio,nan,nan,nan,nan,nan,nan,nan
Josha Vagnoman,55,60,71,68,66,59,13
Marcel Ruiz,nan,nan,nan,nan,nan,nan,nan
Walid Cheddira,57,54,71,56,54,52,9
Emiliano Rigoni,47,55,72,64,59,73,10
Josh Doig,16,19,51,39,27,13,71
Eren Elmalı,nan,nan,nan,nan,nan,nan,nan
Jens Odgaard,13,13,39,32,18,11,68
Johan Carbonero,54,64,76,52,56,34,11
André Franco,nan,nan,nan,nan,nan,nan,nan
Robin Olsen,65,63,66,71,60,43,10
Karim Konaté,nan,nan,nan,nan,nan,nan,nan
Pedrinho,nan,nan,nan,nan,nan,nan,nan
Rodrigão,nan,nan,nan,nan,nan,nan,nan
Jackson Porozo,71,70,64,71,67,27,12
Darko Churlinov,18,24,43,48,34,12,74
Emanuel Aiwu,57,61,67,59,61,78,8
Marko Milovanovic,55,48,66,62,50,55,10
Anton Zinkovskiy,nan,nan,nan,nan,nan,nan,nan
Michel Aebischer,55,58,69,68,60,64,10
Daniil Utkin,nan,nan,nan,nan,nan,nan,nan
Riccardo Calafiori,65,65,74,71,67,71,9
Ivan Provedel,37,37,55,48,48,67,9
Kevin Agudelo,46,69,60,62,59,70,13
Sargis Adamyan,60,56,58,73,64,75,12
Maxime Busi,58,68,71,61,62,61,9
Dedryck Boyata,57,61,76,62,57,44,10
Tahith Chong,41,40,58,69,54,69,9
Daizen Maeda,56,62,72,55,54,30,11
Rodrigo Zalazar,52,55,74,64,59,62,11
Adrien Hunou,57,65,75,64,66,67,12
Gabriel Charpentier,59,63,63,61,57,69,10
Halil Akbunar,57,59,75,61,48,33,10
Magnus Kofod Andersen,63,61,69,72,59,23,8
Sandro Ramírez,nan,nan,nan,nan,nan,nan,nan
Didier Lamkel Zé,nan,nan,nan,nan,nan,nan,nan
Sasa Zdjelar,nan,nan,nan,nan,nan,nan,nan
Naci Ünüvar,nan,nan,nan,nan,nan,nan,nan
Shapi Suleymanov,nan,nan,nan,nan,nan,nan,nan
Olimpiu Moruţan,nan,nan,nan,nan,nan,nan,nan
Roman Evgenjev,nan,nan,nan,nan,nan,nan,nan
Jérôme Onguéné,nan,nan,nan,nan,nan,nan,nan
Lee Buchanan,10,13,42,43,17,12,67
Janik Haberer,45,43,61,58,52,75,11
Alexis Sánchez,nan,nan,nan,nan,nan,nan,nan
Radu Drăgușin,nan,nan,nan,nan,nan,nan,nan
George Pușcaș,nan,nan,nan,nan,nan,nan,nan
Jack Clarke,52,58,55,53,61,56,12
Mihailo Ristic,53,55,69,69,60,72,10
Eddie Salcedo,65,71,75,68,66,68,9
Matías Vecino,nan,nan,nan,nan,nan,nan,nan
Festy Ebosele,50,47,65,70,58,70,9
Ferro,nan,nan,nan,nan,nan,nan,nan
Danilo Barbosa,nan,nan,nan,nan,nan,nan,nan
Shoya Nakajima,52,51,64,64,58,75,12
Marko Pjaca,61,65,78,69,65,62,12
Marlon,46,50,58,61,56,74,12
Pêpê,nan,nan,nan,nan,nan,nan,nan
Taylan Antalyalı,nan,nan,nan,nan,nan,nan,nan
Bryan Reynolds,59,61,67,63,53,34,9
Joe Rothwell,59,63,63,61,57,69,10
Lorenzo Colombo,54,63,66,59,58,52,12
Callum Styles,61,62,75,55,61,36,10
Patrick Cutrone,22,31,56,50,40,19,76
Ismaily,54,60,71,74,59,65,12
Cecilio Domínguez,nan,nan,nan,nan,nan,nan,nan
Andrei Radu,nan,nan,nan,nan,nan,nan,nan
Robert Muric,55,55,70,57,56,32,13
Juan Otero,nan,nan,nan,nan,nan,nan,nan
Óscar Estupiñán,nan,nan,nan,nan,nan,nan,nan
Lucas Halter,nan,nan,nan,nan,nan,nan,nan
Mattia Caldara,nan,nan,nan,nan,nan,nan,nan
Omar Fernández,nan,nan,nan,nan,nan,nan,nan
Farid Boulaya,nan,nan,nan,nan,nan,nan,nan
Berke Özer,nan,nan,nan,nan,nan,nan,nan
Vitinho,nan,nan,nan,nan,nan,nan,nan
Luca Moro,55,59,68,54,57,70,12
Caio Alexandre,nan,nan,nan,nan,nan,nan,nan
Zinedine Ferhat,47,56,65,64,55,60,10
Alexis Canelo,nan,nan,nan,nan,nan,nan,nan
Domingo Blanco,nan,nan,nan,nan,nan,nan,nan
Joakim Nilsson,58,61,84,54,48,24,11
Elias Cobbaut,66,71,66,73,69,64,10
Ahmed Musa,45,53,55,66,58,71,9
Jayden Oosterwolde,52,58,73,64,59,68,9
Albert Grønbæk,nan,nan,nan,nan,nan,nan,nan
Emanuel Emegha,64,70,73,63,61,56,11
Isak Hien,58,68,64,69,64,71,11
Manu García,nan,nan,nan,nan,nan,nan,nan
João Klauss,nan,nan,nan,nan,nan,nan,nan
Vakoun Bayo,nan,nan,nan,nan,nan,nan,nan
Ebrima Colley,68,60,61,78,63,30,11
Cédric Brunner,nan,nan,nan,nan,nan,nan,nan
Enrico Del Prato,nan,nan,nan,nan,nan,nan,nan
Sékou Mara,nan,nan,nan,nan,nan,nan,nan
Hugo Cuypers,56,57,84,61,52,37,11
Arkadiusz Reca,55,50,47,65,61,72,12
Ishaq Abdulrazak,65,70,69,70,70,76,12
Roberto Fernández,nan,nan,nan,nan,nan,nan,nan
Osman Bukari,60,69,55,65,64,46,10
Nicolai Vallys,54,60,65,61,62,69,13
Mamadou Coulibaly,12,14,37,37,19,9,66
Robert Ljubicic,62,61,60,74,54,29,9
Matthew Hoppe,18,20,49,40,27,15,66
Jean Eudes Aholou,61,66,73,71,67,65,11
Liberato Cacace,57,60,77,58,52,27,12
Lucas Fasson,nan,nan,nan,nan,nan,nan,nan
Mario Mitaj,nan,nan,nan,nan,nan,nan,nan
Bafodé Diakité,nan,nan,nan,nan,nan,nan,nan
Thierno Baldé,nan,nan,nan,nan,nan,nan,nan
Arijanet Muric,65,75,75,55,60,30,10
Rasmus Carstensen,61,67,76,66,59,29,14
Matías Palacios,nan,nan,nan,nan,nan,nan,nan
Luca Valzania,56,63,52,74,66,72,10
Luca Zanimacchia,59,65,73,67,64,64,10
Gui Guedes,nan,nan,nan,nan,nan,nan,nan
Matteo Tramoni,63,70,78,77,71,71,9
Marcel Tisserand,65,71,77,61,53,32,11
Vivaldo Semedo,nan,nan,nan,nan,nan,nan,nan
Lukas Lerager,61,70,70,73,67,73,11
Matt Clarke,49,46,55,60,54,73,10
Hrvoje Smolcic,46,47,60,60,49,66,10
Antonio Colak,47,49,56,62,53,71,11
Nathan,12,15,47,38,20,13,67
Adama Traoré,nan,nan,nan,nan,nan,nan,nan
Rochinha,nan,nan,nan,nan,nan,nan,nan
Philip Zinckernagel,65,71,81,70,58,41,13
Ben Malango,nan,nan,nan,nan,nan,nan,nan
Cédric Hountondji,nan,nan,nan,nan,nan,nan,nan
László Bénes,nan,nan,nan,nan,nan,nan,nan
Abdul Mumin,51,56,68,64,56,71,13
Moreto Cassamá,nan,nan,nan,nan,nan,nan,nan
Nikolay Komlichenko,nan,nan,nan,nan,nan,nan,nan
Nicolás Díaz,nan,nan,nan,nan,nan,nan,nan
Eric Martel,51,58,61,64,58,67,11
Monchu,nan,nan,nan,nan,nan,nan,nan
Petar Stojanović,nan,nan,nan,nan,nan,nan,nan
Aleksandar Pesic,nan,nan,nan,nan,nan,nan,nan
Jasper Cillessen,71,78,52,70,74,54,11
Julen Lobete,61,72,85,63,58,30,10
Abdelhamid Sabiri,69,59,58,70,59,25,9
Abdou Harroui,59,67,61,64,60,64,9
Julian Gressel,37,36,51,58,49,67,9
Ajdin Hrustić,nan,nan,nan,nan,nan,nan,nan
Mickaël Malsa,nan,nan,nan,nan,nan,nan,nan
Sebastiano Luperto,67,53,67,79,61,29,12
Sam Lammers,61,59,61,65,62,62,10
Rodrigo Dourado,nan,nan,nan,nan,nan,nan,nan
Julián Carranza,nan,nan,nan,nan,nan,nan,nan
Abdoulaye Seck,nan,nan,nan,nan,nan,nan,nan
Alexander Schwolow,nan,nan,nan,nan,nan,nan,nan
Mario González,nan,nan,nan,nan,nan,nan,nan
João Novais,nan,nan,nan,nan,nan,nan,nan
Viktor Kovalenko,53,49,57,63,56,68,10
Kristian Pedersen,48,58,71,55,46,65,8
Jayden Braaf,19,21,48,48,32,13,73
Aurélio Buta,nan,nan,nan,nan,nan,nan,nan
Víctor Mollejo,nan,nan,nan,nan,nan,nan,nan
Tyler Morton,66,65,64,68,59,17,12
Modibo Sagnan,49,49,67,63,53,67,11
Keita Baldé,nan,nan,nan,nan,nan,nan,nan
Jacob Rasmussen,60,62,67,69,62,59,8
Julen Lobete,59,60,73,70,62,66,10
Rubén Blanco,nan,nan,nan,nan,nan,nan,nan
Güven Yalçın,nan,nan,nan,nan,nan,nan,nan
Edouard Michut,50,62,70,58,56,45,12
James McAtee,50,51,79,55,53,62,11
Sergio Camello,41,40,61,56,49,69,11
Jarrad Branthwaite,53,62,63,59,59,56,9
Matteo Cancellieri,61,60,71,72,54,22,11
Aaron Ramsey,61,67,72,69,65,69,11
Joe Bryan,61,64,56,67,68,72,11
Josip Drmic,67,59,59,71,58,28,9
Gabriel Slonina,62,65,70,67,59,68,12
Toni Borevkovic,59,54,60,70,59,25,8
Gabriel Vidovic,13,21,42,37,20,11,66
Radoslaw Majecki,56,57,73,59,47,19,11
Heitor,61,69,72,62,65,63,11
Jean Marcelin,nan,nan,nan,nan,nan,nan,nan
Adryelson,nan,nan,nan,nan,nan,nan,nan
Nahuel Bustos,nan,nan,nan,nan,nan,nan,nan
Jaden Philogene,55,53,80,71,54,33,10
Ryan Giles,59,57,70,73,56,19,11
Darragh Lenihan,45,50,73,55,55,65,11
In beom Hwang,67,58,68,67,55,22,10
Marcelo,53,62,80,55,51,29,9
Mattia Destro,nan,nan,nan,nan,nan,nan,nan
Boschilia,nan,nan,nan,nan,nan,nan,nan
Kristoffer Olsson,46,50,56,63,56,63,12
Jesé,nan,nan,nan,nan,nan,nan,nan
Emre Kılınç,nan,nan,nan,nan,nan,nan,nan
Gonçalo Paciência,nan,nan,nan,nan,nan,nan,nan
Faitout Maouassa,57,61,72,63,58,31,11
Okay Yokuşlu,nan,nan,nan,nan,nan,nan,nan
Neto,nan,nan,nan,nan,nan,nan,nan
Evann Guessand,61,61,76,67,53,19,9
Wladimiro Falcone,61,58,65,70,62,45,10
Mario Gaspar,54,52,75,59,50,16,11
Charlie Cresswell,58,69,82,66,66,44,9
Ignacio Pussetto,58,58,81,71,58,51,13
Tino Anjorin,54,59,71,57,49,26,7
Michal Helik,48,52,56,53,54,68,11
Halil Dervişoğlu,nan,nan,nan,nan,nan,nan,nan
Ally Samatta,nan,nan,nan,nan,nan,nan,nan
Yvan Neyou,67,68,76,65,69,68,12
Hernani,49,58,64,63,58,72,12
Gautier Larsonneur,58,55,72,63,52,14,10
Maximiliano Romero,60,73,77,60,66,36,13
Gonçalo Esteves,nan,nan,nan,nan,nan,nan,nan
James Léa Siliki,nan,nan,nan,nan,nan,nan,nan
Gonzalo Maroni,64,54,45,75,67,32,11
Milan Gajic,nan,nan,nan,nan,nan,nan,nan
Carlos Izquierdoz,23,21,53,45,34,14,78
Wahid Faghir,64,72,83,75,69,64,11
João Figueiredo,nan,nan,nan,nan,nan,nan,nan
Martín Benítez,nan,nan,nan,nan,nan,nan,nan
Philip Zinckernagel,49,52,75,53,53,63,12
Romário Baró,nan,nan,nan,nan,nan,nan,nan
Houboulang Mendes,61,56,69,68,58,18,8
Fabrizio Angileri,49,37,41,64,56,68,10
Michael Estrada,52,62,66,57,61,62,9
Metinho,nan,nan,nan,nan,nan,nan,nan
In beom Hwang,59,53,65,67,52,18,10
Matteo Ricci,61,66,76,68,55,48,12
Bersant Celina,51,53,53,63,54,72,8
Ivan Cavaleiro,nan,nan,nan,nan,nan,nan,nan
Ahmed Hassan,61,58,71,60,48,23,9
Manu Vallejo,nan,nan,nan,nan,nan,nan,nan
Óscar Melendo,nan,nan,nan,nan,nan,nan,nan
Jean David Beauguel,52,59,60,64,58,69,11
Gareth Bale,60,65,70,71,61,58,12
Merlin Röhl,nan,nan,nan,nan,nan,nan,nan
Arthur Gomes,23,24,50,46,35,13,72
Scott Twine,65,58,68,69,56,26,9
Marcelo Allende,nan,nan,nan,nan,nan,nan,nan
Alex Teixeira,nan,nan,nan,nan,nan,nan,nan
Pedro Pereira,nan,nan,nan,nan,nan,nan,nan
Renzo López,nan,nan,nan,nan,nan,nan,nan
Luca Pfeiffer,43,47,54,60,52,66,7
Byron Castillo,nan,nan,nan,nan,nan,nan,nan
Mario Balotelli,62,54,61,63,47,18,4
Tayyip Talha Sanuç,nan,nan,nan,nan,nan,nan,nan
Gustavo Henrique,nan,nan,nan,nan,nan,nan,nan
Amar Rahmanovic,nan,nan,nan,nan,nan,nan,nan
Raúl Moro,nan,nan,nan,nan,nan,nan,nan
Sean Klaiber,48,56,73,60,53,67,7
Fabio Depaoli,58,60,60,66,63,55,11
Birger Verstraete,62,59,57,63,63,68,10
Sam Larsson,61,62,77,72,58,30,9
Panagiotis Retsos,nan,nan,nan,nan,nan,nan,nan
Carel Eiting,63,55,73,71,54,17,11
Nacer Chadli,nan,nan,nan,nan,nan,nan,nan
Yvon Mvogo,62,63,73,66,58,33,11
Lautaro Morales,74,62,64,79,66,38,9
Juan Ignacio Méndez,nan,nan,nan,nan,nan,nan,nan
Armando Izzo,58,62,75,61,52,27,11
Ilzat Akhmetov,nan,nan,nan,nan,nan,nan,nan
,,,,,,,
,,,,,,,
,,,,,,,
,,,,,,,
Fousseni Diabaté,nan,nan,nan,nan,nan,nan,nan
,,,,,,,
,,,,,,,
Sofiane Hanni,nan,nan,nan,nan,nan,nan,nan
,,,,,,,
Borja Garcés,nan,nan,nan,nan,nan,nan,nan
,,,,,,,
,,,,,,,
,,,,,,,
,,,,,,,
,,,,,,,
,,,,,,,
Alex Santana,nan,nan,nan,nan,nan,nan,nan
Marko Rakonjac,nan,nan,nan,nan,nan,nan,nan
,,,,,,,
Tiago Volpi,nan,nan,nan,nan,nan,nan,nan
Víctor Méndez,nan,nan,nan,nan,nan,nan,nan
Jordy Caicedo,nan,nan,nan,nan,nan,nan,nan
Mickaël Biron,nan,nan,nan,nan,nan,nan,nan
,,,,,,,
Mauro Laínez,nan,nan,nan,nan,nan,nan,nan
,,,,,,,
William Böving,nan,nan,nan,nan,nan,nan,nan
,,,,,,,
,,,,,,,
,,,,,,,
,,,,,,,
,,,,,,,
,,,,,,,
,,,,,,,
,,,,,,,
Hrvoje Babec,nan,nan,nan,nan,nan,nan,nan
Dembo Darboe,nan,nan,nan,nan,nan,nan,nan
,,,,,,,
Lei Wu,nan,nan,nan,nan,nan,nan,nan
Miguel Merentiel,nan,nan,nan,nan,nan,nan,nan
Afonso Sousa,nan,nan,nan,nan,nan,nan,nan
,,,,,,,
,,,,,,,
Rubén Alcaraz,nan,nan,nan,nan,nan,nan,nan
Víctor Chust,nan,nan,nan,nan,nan,nan,nan
Nuno Santos,nan,nan,nan,nan,nan,nan,nan
Kiko Femenía,nan,nan,nan,nan,nan,nan,nan
,,,,,,,
,,,,,,,
Philipp Förster,nan,nan,nan,nan,nan,nan,nan
Muhammed Gümüşkaya,nan,nan,nan,nan,nan,nan,nan
Fran Villalba,nan,nan,nan,nan,nan,nan,nan
Lazar Randjelovic,nan,nan,nan,nan,nan,nan,nan
Javi Hernández,nan,nan,nan,nan,nan,nan,nan
,,,,,,,
Fran Villalba,nan,nan,nan,nan,nan,nan,nan
,,,,,,,
,,,,,,,
,,,,,,,
,,,,,,,
,,,,,,,
,,,,,,,
Juan Mata,nan,nan,nan,nan,nan,nan,nan
,,,,,,,
Fredrik Bjørkan,nan,nan,nan,nan,nan,nan,nan
Hördur Magnússon,nan,nan,nan,nan,nan,nan,nan
,,,,,,,
Rubén Peña,nan,nan,nan,nan,nan,nan,nan
Aitor Fernández,nan,nan,nan,nan,nan,nan,nan
,,,,,,,
,,,,,,,
,,,,,,,
Iñigo Córdoba,nan,nan,nan,nan,nan,nan,nan
,,,,,,,
,,,,,,,
,,,,,,,
Marcos Guilherme,nan,nan,nan,nan,nan,nan,nan
,,,,,,,
,,,,,,,
,,,,,,,
,,,,,,,
,,,,,,,
Brian Oliván,nan,nan,nan,nan,nan,nan,nan
Dani Gómez,nan,nan,nan,nan,nan,nan,nan
José Carlos Lazo,nan,nan,nan,nan,nan,nan,nan
,,,,,,,
Bruno Gomes,nan,nan,nan,nan,nan,nan,nan
Emiliano Martínez,nan,nan,nan,nan,nan,nan,nan
,,,,,,,
,,,,,,,
,,,,,,,
,,,,,,,
,,,,,,,
,,,,,,,
,,,,,,,
Cesc Fàbregas,nan,nan,nan,nan,nan,nan,nan
,,,,,,,
Víctor Gómez,nan,nan,nan,nan,nan,nan,nan
,,,,,,,
,,,,,,,
Tiago Dantas,nan,nan,nan,nan,nan,nan,nan
José Esquivel,nan,nan,nan,nan,nan,nan,nan
,,,,,,,
Gédéon Kalulu,nan,nan,nan,nan,nan,nan,nan
Jérémy Gélin,nan,nan,nan,nan,nan,nan,nan
,,,,,,,
João Carvalho,nan,nan,nan,nan,nan,nan,nan
Isaac Atanga,nan,nan,nan,nan,nan,nan,nan
,,,,,,,
Pere Pons,nan,nan,nan,nan,nan,nan,nan
,,,,,,,
,,,,,,,
Matheus Babi,nan,nan,nan,nan,nan,nan,nan
,,,,,,,
Achraf Bencharki,nan,nan,nan,nan,nan,nan,nan
,,,,,,,
,,,,,,,
Martín Aguirregabiria,nan,nan,nan,nan,nan,nan,nan
,,,,,,,
,,,,,,,
Javier Eduardo López,nan,nan,nan,nan,nan,nan,nan
Adel Taarabt,nan,nan,nan,nan,nan,nan,nan
Alessandro Schöpf,nan,nan,nan,nan,nan,nan,nan
,,,,,,,
Vladímir Loroña,nan,nan,nan,nan,nan,nan,nan
,,,,,,,
Idekel Domínguez,nan,nan,nan,nan,nan,nan,nan
Edison Flores,nan,nan,nan,nan,nan,nan,nan
Mauro Manotas,nan,nan,nan,nan,nan,nan,nan
Mariusz Stepinski,nan,nan,nan,nan,nan,nan,nan
,,,,,,,
Toni Villa,nan,nan,nan,nan,nan,nan,nan
Nico Serrano,nan,nan,nan,nan,nan,nan,nan
Darlan,nan,nan,nan,nan,nan,nan,nan
Álvaro González,nan,nan,nan,nan,nan,nan,nan
,,,,,,,
Deyverson,nan,nan,nan,nan,nan,nan,nan
Daniel Bessa,nan,nan,nan,nan,nan,nan,nan
Jorge Meré,nan,nan,nan,nan,nan,nan,nan
Juan José Perea,nan,nan,nan,nan,nan,nan,nan
Arthur Chaves,nan,nan,nan,nan,nan,nan,nan
Matías Cóccaro,nan,nan,nan,nan,nan,nan,nan
,,,,,,,
,,,,,,,
,,,,,,,
Josh Bowler,nan,nan,nan,nan,nan,nan,nan
,,,,,,,
,,,,,,,
,,,,,,,
,,,,,,,
Arnór Sigurdsson,nan,nan,nan,nan,nan,nan,nan
,,,,,,,
Mehrdad Mohammadi,nan,nan,nan,nan,nan,nan,nan
Ángel González,nan,nan,nan,nan,nan,nan,nan
,,,,,,,
Pedro Pereira,nan,nan,nan,nan,nan,nan,nan
Javier Salas,nan,nan,nan,nan,nan,nan,nan
Gastón Brugman,nan,nan,nan,nan,nan,nan,nan
,,,,,,,
,,,,,,,
Pieros Sotiriou,nan,nan,nan,nan,nan,nan,nan
Léo Duarte,nan,nan,nan,nan,nan,nan,nan
,,,,,,,
Bryan Linssen,nan,nan,nan,nan,nan,nan,nan
Jean Luc Dompé,nan,nan,nan,nan,nan,nan,nan
,,,,,,,
,,,,,,,
,,,,,,,
,,,,,,,
,,,,,,,
Josep Martínez,nan,nan,nan,nan,nan,nan,nan
,,,,,,,
,,,,,,,
,,,,,,,
,,,,,,,
,,,,,,,
,,,,,,,
,,,,,,,
,,,,,,,
Abdul Rahman Baba,nan,nan,nan,nan,nan,nan,nan
,,,,,,,
,,,,,,,
,,,,,,,
Ishak Belfodil,nan,nan,nan,nan,nan,nan,nan
,,,,,,,
,,,,,,,
,,,,,,,
Jerónimo Cacciabue,nan,nan,nan,nan,nan,nan,nan
,,,,,,,
,,,,,,,
Emil Konradsen Ceide,nan,nan,nan,nan,nan,nan,nan
Gabriel Florentín,nan,nan,nan,nan,nan,nan,nan
Oscar Fraulo,nan,nan,nan,nan,nan,nan,nan
,,,,,,,
,,,,,,,
,,,,,,,
,,,,,,,
,,,,,,,
,,,,,,,
Aurélien Scheidler,nan,nan,nan,nan,nan,nan,nan
Leonardo Buta,nan,nan,nan,nan,nan,nan,nan
,,,,,,,
,,,,,,,
Diego Hernández,nan,nan,nan,nan,nan,nan,nan
Boubacar Traoré,nan,nan,nan,nan,nan,nan,nan
,,,,,,,
Doron Leidner,nan,nan,nan,nan,nan,nan,nan
,,,,,,,
,,,,,,,
,,,,,,,
,,,,,,,
,,,,,,,
,,,,,,,
,,,,,,,
,,,,,,,
Vlad Chiricheș,nan,nan,nan,nan,nan,nan,nan
,,,,,,,
Willyan Rocha,nan,nan,nan,nan,nan,nan,nan
,,,,,,,
,,,,,,,
,,,,,,,
Roggerio Nyakossi,nan,nan,nan,nan,nan,nan,nan
Douglas Mendes,nan,nan,nan,nan,nan,nan,nan
Tommaso Mancini,nan,nan,nan,nan,nan,nan,nan
Facundo Waller,nan,nan,nan,nan,nan,nan,nan
Iván Marcone,nan,nan,nan,nan,nan,nan,nan
Joao Rojas,nan,nan,nan,nan,nan,nan,nan
,,,,,,,
,,,,,,,
,,,,,,,
,,,,,,,
,,,,,,,
,,,,,,,
Lucas Vera,nan,nan,nan,nan,nan,nan,nan
,,,,,,,
,,,,,,,
Andrés Andrade,nan,nan,nan,nan,nan,nan,nan
,,,,,,,
Doğucan Haspolat,nan,nan,nan,nan,nan,nan,nan
,,,,,,,
Srdjan Babic,nan,nan,nan,nan,nan,nan,nan
,,,,,,,
,,,,,,,
Pipa,nan,nan,nan,nan,nan,nan,nan
,,,,,,,
Yanis Hamache,nan,nan,nan,nan,nan,nan,nan
Eduard Löwen,nan,nan,nan,nan,nan,nan,nan
,,,,,,,
,,,,,,,
,,,,,,,
,,,,,,,
,,,,,,,
Hamidou Traoré,nan,nan,nan,nan,nan,nan,nan
,,,,,,,
,,,,,,,
,,,,,,,
İrfan Can Eğribayat,nan,nan,nan,nan,nan,nan,nan
Nicolò Cambiaghi,nan,nan,nan,nan,nan,nan,nan
,,,,,,,
Cenk Özkacar,nan,nan,nan,nan,nan,nan,nan
Silvije Begic,nan,nan,nan,nan,nan,nan,nan
,,,,,,,
Carlitos,nan,nan,nan,nan,nan,nan,nan
Marrony,nan,nan,nan,nan,nan,nan,nan
,,,,,,,
,,,,,,,
,,,,,,,
,,,,,,,
Flávio,nan,nan,nan,nan,nan,nan,nan
,,,,,,,
Sébastien Thill,nan,nan,nan,nan,nan,nan,nan
,,,,,,,
,,,,,,,
,,,,,,,
,,,,,,,
,,,,,,,
,,,,,,,
,,,,,,,
,,,,,,,
,,,,,,,
Eli Dasa,nan,nan,nan,nan,nan,nan,nan
,,,,,,,
,,,,,,,
,,,,,,,
Ole Selnæs,nan,nan,nan,nan,nan,nan,nan
,,,,,,,
,,,,,,,
Salvi Sánchez,nan,nan,nan,nan,nan,nan,nan
,,,,,,,
Robert Zulj,nan,nan,nan,nan,nan,nan,nan
Lovre Kalinic,nan,nan,nan,nan,nan,nan,nan
,,,,,,,
,,,,,,,
Álvaro Carreras,nan,nan,nan,nan,nan,nan,nan
,,,,,,,
,,,,,,,
,,,,,,,
,,,,,,,
Giorgi Chakvetadze,nan,nan,nan,nan,nan,nan,nan
Maximiliano Lovera,nan,nan,nan,nan,nan,nan,nan
,,,,,,,
,,,,,,,
,,,,,,,
Andre Gray,nan,nan,nan,nan,nan,nan,nan
Rafael Camacho,nan,nan,nan,nan,nan,nan,nan
Arturo Vidal,nan,nan,nan,nan,nan,nan,nan
,,,,,,,
Josh Bowler,nan,nan,nan,nan,nan,nan,nan
Jean Daniel Akpa Akpro,nan,nan,nan,nan,nan,nan,nan
Lucas Mineiro,nan,nan,nan,nan,nan,nan,nan
,,,,,,,
,,,,,,,
,,,,,,,
Jonathan Menéndez,nan,nan,nan,nan,nan,nan,nan
Andrés Roa,nan,nan,nan,nan,nan,nan,nan
,,,,,,,
,,,,,,,
,,,,,,,
,,,,,,,
,,,,,,,
Rafa Soares,nan,nan,nan,nan,nan,nan,nan
Papa Ndiaga Yade,nan,nan,nan,nan,nan,nan,nan
Rober González,nan,nan,nan,nan,nan,nan,nan
Youssouf Koné,nan,nan,nan,nan,nan,nan,nan
,,,,,,,
,,,,,,,
Omar Al Somah,nan,nan,nan,nan,nan,nan,nan
,,,,,,,
Juan Brunetta,nan,nan,nan,nan,nan,nan,nan
,,,,,,,
,,,,,,,
,,,,,,,
,,,,,,,
,,,,,,,
,,,,,,,
Xavi Quintillà,nan,nan,nan,nan,nan,nan,nan
Tomás Araújo,nan,nan,nan,nan,nan,nan,nan
,,,,,,,
,,,,,,,
,,,,,,,
,,,,,,,
,,,,,,,
,,,,,,,
Jérémie Bela,nan,nan,nan,nan,nan,nan,nan
Thuler,nan,nan,nan,nan,nan,nan,nan
,,,,,,,
Opa Nguette,nan,nan,nan,nan,nan,nan,nan
Jürgen Locadia,nan,nan,nan,nan,nan,nan,nan
,,,,,,,
,,,,,,,
Fernando González,nan,nan,nan,nan,nan,nan,nan
Santiago Ormeño,nan,nan,nan,nan,nan,nan,nan
,,,,,,,
Roberto Massimo,nan,nan,nan,nan,nan,nan,nan
,,,,,,,
,,,,,,,
,,,,,,,
Gabriel Noga,nan,nan,nan,nan,nan,nan,nan
,,,,,,,
Thiago Galhardo,nan,nan,nan,nan,nan,nan,nan
Pedro Rocha,nan,nan,nan,nan,nan,nan,nan
João Carlos Teixeira,nan,nan,nan,nan,nan,nan,nan
,,,,,,,
,,,,,,,
Roberto López,nan,nan,nan,nan,nan,nan,nan
Ryad Boudebouz,nan,nan,nan,nan,nan,nan,nan
Jhoanner Chávez,nan,nan,nan,nan,nan,nan,nan
Fabio Abreu,nan,nan,nan,nan,nan,nan,nan
Mehdi Abeid,nan,nan,nan,nan,nan,nan,nan
Darío Sarmiento,nan,nan,nan,nan,nan,nan,nan
,,,,,,,
,,,,,,,
Luís Oyama,nan,nan,nan,nan,nan,nan,nan
Anthony Knockaert,nan,nan,nan,nan,nan,nan,nan
,,,,,,,
,,,,,,,
,,,,,,,
,,,,,,,
Jesús Dueñas,nan,nan,nan,nan,nan,nan,nan
,,,,,,,
Mender García,nan,nan,nan,nan,nan,nan,nan
,,,,,,,
Shaq Moore,nan,nan,nan,nan,nan,nan,nan
Lovro Zvonarek,nan,nan,nan,nan,nan,nan,nan
Pep Chavarría,nan,nan,nan,nan,nan,nan,nan
Matteo Luigi Brunori,nan,nan,nan,nan,nan,nan,nan
Nicolás Quagliata,nan,nan,nan,nan,nan,nan,nan
,,,,,,,
Guilherme Castilho,nan,nan,nan,nan,nan,nan,nan
Maksim Glushenkov,nan,nan,nan,nan,nan,nan,nan
Bogdan Planic,nan,nan,nan,nan,nan,nan,nan
Nonato,nan,nan,nan,nan,nan,nan,nan
Frantzdy Pierrot,nan,nan,nan,nan,nan,nan,nan
Florian Krüger,nan,nan,nan,nan,nan,nan,nan
Marcos López,nan,nan,nan,nan,nan,nan,nan
Vladislav Sarveli,nan,nan,nan,nan,nan,nan,nan
Yago Pikachu,nan,nan,nan,nan,nan,nan,nan
Rodrigues,nan,nan,nan,nan,nan,nan,nan
,,,,,,,
,,,,,,,
,,,,,,,
,,,,,,,
,,,,,,,
,,,,,,,
,,,,,,,
,,,,,,,
César Falletti,nan,nan,nan,nan,nan,nan,nan
,,,,,,,
Aaron Leya Iseka,nan,nan,nan,nan,nan,nan,nan
,,,,,,,
,,,,,,,
,,,,,,,
,,,,,,,
,,,,,,,
,,,,,,,
Clément Michelin,nan,nan,nan,nan,nan,nan,nan
,,,,,,,
,,,,,,,
,,,,,,,
,,,,,,,
,,,,,,,
Tayfur Bingöl,nan,nan,nan,nan,nan,nan,nan
,,,,,,,
,,,,,,,
,,,,,,,
,,,,,,,
,,,,,,,
,,,,,,,
,,,,,,,
Juraj Kucka,nan,nan,nan,nan,nan,nan,nan
Pape Cheikh,nan,nan,nan,nan,nan,nan,nan
,,,,,,,
Jemal Tabidze,nan,nan,nan,nan,nan,nan,nan
,,,,,,,
,,,,,,,
,,,,,,,
,,,,,,,
,,,,,,,
,,,,,,,
Nery Domínguez,nan,nan,nan,nan,nan,nan,nan
Matty Longstaff,nan,nan,nan,nan,nan,nan,nan
Sikou Niakaté,nan,nan,nan,nan,nan,nan,nan
,,,,,,,
,,,,,,,
,,,,,,,
,,,,,,,
Jorge Miramón,nan,nan,nan,nan,nan,nan,nan
Andrés Mosquera,nan,nan,nan,nan,nan,nan,nan
,,,,,,,
,,,,,,,
,,,,,,,
,,,,,,,
Tobias Figueiredo,nan,nan,nan,nan,nan,nan,nan
,,,,,,,
Kévin Rodrigues,nan,nan,nan,nan,nan,nan,nan
,,,,,,,
,,,,,,,
Mesut Özil,nan,nan,nan,nan,nan,nan,nan
Olivier Thill,nan,nan,nan,nan,nan,nan,nan
Andrés Felipe Román,nan,nan,nan,nan,nan,nan,nan
Caio Vidal,nan,nan,nan,nan,nan,nan,nan
,,,,,,,
David López,nan,nan,nan,nan,nan,nan,nan
Peglow,nan,nan,nan,nan,nan,nan,nan
,,,,,,,
,,,,,,,
Fayçal Fajr,nan,nan,nan,nan,nan,nan,nan
Fatih Kurucuk,nan,nan,nan,nan,nan,nan,nan
Tudor Băluţă,nan,nan,nan,nan,nan,nan,nan
,,,,,,,
,,,,,,,
,,,,,,,
Alan Rodríguez,nan,nan,nan,nan,nan,nan,nan
Juan Mosquera,nan,nan,nan,nan,nan,nan,nan
Yann Bisseck,nan,nan,nan,nan,nan,nan,nan
,,,,,,,
,,,,,,,
Tyler Dibling,nan,nan,nan,nan,nan,nan,nan
,,,,,,,
Gelson Dala,nan,nan,nan,nan,nan,nan,nan
,,,,,,,
,,,,,,,
,,,,,,,
,,,,,,,
,,,,,,,
,,,,,,,
,,,,,,,
Nathaniel Méndez Laing,nan,nan,nan,nan,nan,nan,nan
,,,,,,,
,,,,,,,
Lincoln,nan,nan,nan,nan,nan,nan,nan
Mert Çetin,nan,nan,nan,nan,nan,nan,nan
,,,,,,,
,,,,,,,
,,,,,,,
,,,,,,,
,,,,,,,
José Ortiz,nan,nan,nan,nan,nan,nan,nan
Federico Lértora,nan,nan,nan,nan,nan,nan,nan
Bastos,nan,nan,nan,nan,nan,nan,nan
Mauro Méndez,nan,nan,nan,nan,nan,nan,nan
,,,,,,,
,,,,,,,
Lukas Mai,nan,nan,nan,nan,nan,nan,nan
,,,,,,,
Nahuel Estévez,nan,nan,nan,nan,nan,nan,nan
Ahmed Bamasud,nan,nan,nan,nan,nan,nan,nan
Mihajlo Banjac,nan,nan,nan,nan,nan,nan,nan
,,,,,,,
Serdar Saatçı,nan,nan,nan,nan,nan,nan,nan
Moisés,nan,nan,nan,nan,nan,nan,nan
,,,,,,,
,,,,,,,
Stefan Sapic,nan,nan,nan,nan,nan,nan,nan
Jefté Betancor,nan,nan,nan,nan,nan,nan,nan
Adrian Păun,nan,nan,nan,nan,nan,nan,nan
,,,,,,,
Kevin Stöger,nan,nan,nan,nan,nan,nan,nan
,,,,,,,
,,,,,,,
,,,,,,,
,,,,,,,
,,,,,,,
Bruno Jordão,nan,nan,nan,nan,nan,nan,nan
,,,,,,,
Paulinho Paula,nan,nan,nan,nan,nan,nan,nan
Ahmed Refaat,nan,nan,nan,nan,nan,nan,nan
,,,,,,,
,,,,,,,
,,,,,,,
,,,,,,,
Hyun seok Hong,nan,nan,nan,nan,nan,nan,nan
Kings Kangwa,nan,nan,nan,nan,nan,nan,nan
Gabriel Carabajal,nan,nan,nan,nan,nan,nan,nan
,,,,,,,
,,,,,,,
,,,,,,,
,,,,,,,
,,,,,,,
Oliver Zandén,nan,nan,nan,nan,nan,nan,nan
,,,,,,,
,,,,,,,
Marco Delle Monache,nan,nan,nan,nan,nan,nan,nan
,,,,,,,
,,,,,,,
,,,,,,,
Léo Baptistão,nan,nan,nan,nan,nan,nan,nan
Ramiro Funes Mori,nan,nan,nan,nan,nan,nan,nan
João Batxi,nan,nan,nan,nan,nan,nan,nan
Víctor Meseguer,nan,nan,nan,nan,nan,nan,nan
Yegor Yarmolyuk,nan,nan,nan,nan,nan,nan,nan
,,,,,,,
,,,,,,,
Vladyslav Kabaev,nan,nan,nan,nan,nan,nan,nan
,,,,,,,
,,,,,,,
,,,,,,,
,,,,,,,
Úmaro Embaló,nan,nan,nan,nan,nan,nan,nan
,,,,,,,
,,,,,,,
Gustavo Dulanto,nan,nan,nan,nan,nan,nan,nan
,,,,,,,
,,,,,,,
,,,,,,,
,,,,,,,
Näis Djouahra,nan,nan,nan,nan,nan,nan,nan
,,,,,,,
,,,,,,,
,,,,,,,
,,,,,,,
,,,,,,,
,,,,,,,
,,,,,,,
Mateo Barac,nan,nan,nan,nan,nan,nan,nan
,,,,,,,
Victor Cuesta,nan,nan,nan,nan,nan,nan,nan
,,,,,,,
,,,,,,,
Wesley Gasolina,nan,nan,nan,nan,nan,nan,nan
,,,,,,,
,,,,,,,
Jhegson Méndez,nan,nan,nan,nan,nan,nan,nan
,,,,,,,
Bradley de Nooijer,nan,nan,nan,nan,nan,nan,nan
,,,,,,,
,,,,,,,
,,,,,,,
,,,,,,,
,,,,,,,
Frederik Jäkel,nan,nan,nan,nan,nan,nan,nan
,,,,,,,
,,,,,,,
,,,,,,,
Jean Kévin Augustin,nan,nan,nan,nan,nan,nan,nan
,,,,,,,
,,,,,,,
,,,,,,,
Simen Juklerød,nan,nan,nan,nan,nan,nan,nan
,,,,,,,
Eran Zahavi,nan,nan,nan,nan,nan,nan,nan
,,,,,,,
,,,,,,,
Douglas Tanque,nan,nan,nan,nan,nan,nan,nan
Kalifa Coulibaly,nan,nan,nan,nan,nan,nan,nan
,,,,,,,
,,,,,,,
,,,,,,,
,,,,,,,
Jonas Toró,nan,nan,nan,nan,nan,nan,nan
,,,,,,,
,,,,,,,
Milan Djuric,nan,nan,nan,nan,nan,nan,nan
,,,,,,,
,,,,,,,
Benoît Costil,nan,nan,nan,nan,nan,nan,nan
,,,,,,,
,,,,,,,
Juanjo Narváez,nan,nan,nan,nan,nan,nan,nan
Burak Yılmaz,nan,nan,nan,nan,nan,nan,nan
Joel Robles,nan,nan,nan,nan,nan,nan,nan
,,,,,,,
,,,,,,,
Vitolo,nan,nan,nan,nan,nan,nan,nan
,,,,,,,
,,,,,,,
,,,,,,,
,,,,,,,
Marçal,nan,nan,nan,nan,nan,nan,nan
Nahuel Ferraresi,nan,nan,nan,nan,nan,nan,nan
Soner Aydoğdu,nan,nan,nan,nan,nan,nan,nan
Ömer Toprak,nan,nan,nan,nan,nan,nan,nan
,,,,,,,
Peter Etebo,nan,nan,nan,nan,nan,nan,nan
Przemysław Wiśniewski,nan,nan,nan,nan,nan,nan,nan
,,,,,,,
,,,,,,,
,,,,,,,
,,,,,,,
Brahima Ouattara,nan,nan,nan,nan,nan,nan,nan
Iñigo Vicente,nan,nan,nan,nan,nan,nan,nan
,,,,,,,
Mehdi Zerkane,nan,nan,nan,nan,nan,nan,nan
Fernandinho,nan,nan,nan,nan,nan,nan,nan
Check Oumar Diakité,nan,nan,nan,nan,nan,nan,nan
,,,,,,,
,,,,,,,
Saido Berahino,nan,nan,nan,nan,nan,nan,nan
Marko Tolic,nan,nan,nan,nan,nan,nan,nan
Nemanja Miletic,nan,nan,nan,nan,nan,nan,nan
Roman Bezus,nan,nan,nan,nan,nan,nan,nan
,,,,,,,
Pedrinho,nan,nan,nan,nan,nan,nan,nan
Gökhan Akkan,nan,nan,nan,nan,nan,nan,nan
Ivan Ignatjev,nan,nan,nan,nan,nan,nan,nan
,,,,,,,
Dorgeles Nene,nan,nan,nan,nan,nan,nan,nan
Fábio Gomes,nan,nan,nan,nan,nan,nan,nan
Ryan Fredericks,nan,nan,nan,nan,nan,nan,nan
,,,,,,,
,,,,,,,
,,,,,,,
,,,,,,,
,,,,,,,
,,,,,,,
Rubén Yáñez,nan,nan,nan,nan,nan,nan,nan
,,,,,,,
,,,,,,,
Clément Vidal,nan,nan,nan,nan,nan,nan,nan
,,,,,,,
,,,,,,,
,,,,,,,
,,,,,,,
Ignacio Malcorra,nan,nan,nan,nan,nan,nan,nan
,,,,,,,
,,,,,,,
Tiago Gouveia,nan,nan,nan,nan,nan,nan,nan
Federico Fernández,nan,nan,nan,nan,nan,nan,nan
,,,,,,,
,,,,,,,
Brayan Angulo,nan,nan,nan,nan,nan,nan,nan
Mateus Sarará,nan,nan,nan,nan,nan,nan,nan
,,,,,,,
Óscar Vanegas,nan,nan,nan,nan,nan,nan,nan
Christian Ortíz,nan,nan,nan,nan,nan,nan,nan
Anderson Silva,nan,nan,nan,nan,nan,nan,nan
,,,,,,,
,,,,,,,
Adrián Marín,nan,nan,nan,nan,nan,nan,nan
,,,,,,,
Cote,nan,nan,nan,nan,nan,nan,nan
Alonso Aceves,nan,nan,nan,nan,nan,nan,nan
,,,,,,,
,,,,,,,
Jonas Toró,nan,nan,nan,nan,nan,nan,nan
Fede San Emeterio,nan,nan,nan,nan,nan,nan,nan
Alan Dzagoev,nan,nan,nan,nan,nan,nan,nan
,,,,,,,
,,,,,,,
Jón Dagur Thorsteinsson,nan,nan,nan,nan,nan,nan,nan
